-4,-10,Nlgf+bU2zUxqEQv36RT8vjY5Cqk=,6L9vdmZGTAF6r0TYGpx9tFcZObg=
-5,-10,r2KlN+EeYm7C160ySt/r5gNmHGw=,ZQLC7PSq2ykzDJxkmnpkcGcM8QI=
-5,-9,r2KlN+EeYm7C160ySt/r5gNmHGw=,ZQLC7PSq2ykzDJxkmnpkcGcM8QI=
-4,-9,Nlgf+bU2zUxqEQv36RT8vjY5Cqk=,6L9vdmZGTAF6r0TYGpx9tFcZObg=
-4,-8,Nlgf+bU2zUxqEQv36RT8vjY5Cqk=,+n2aoA4ntg8kP+Xd3CQzliF+tk0=
-2,-10,Nlgf+bU2zUxqEQv36RT8vjY5Cqk=,3pxM+MPMSH1FSASfwccMr6WjntU=
-2,-8,Nlgf+bU2zUxqEQv36RT8vjY5Cqk=,bkc/s+qMV5d2KQSifZOsU70BhiM=
-3,-10,Nlgf+bU2zUxqEQv36RT8vjY5Cqk=,6L9vdmZGTAF6r0TYGpx9tFcZObg=
-3,-8,Nlgf+bU2zUxqEQv36RT8vjY5Cqk=,+n2aoA4ntg8kP+Xd3CQzliF+tk0=
-2,-9,Nlgf+bU2zUxqEQv36RT8vjY5Cqk=,3pxM+MPMSH1FSASfwccMr6WjntU=
-3,-9,Nlgf+bU2zUxqEQv36RT8vjY5Cqk=,6L9vdmZGTAF6r0TYGpx9tFcZObg=
-2,-6,Nlgf+bU2zUxqEQv36RT8vjY5Cqk=,KHzNDxP58BumfMEwsD/pm2AIWI8=
-3,-7,Nlgf+bU2zUxqEQv36RT8vjY5Cqk=,+n2aoA4ntg8kP+Xd3CQzliF+tk0=
-2,-7,Nlgf+bU2zUxqEQv36RT8vjY5Cqk=,bkc/s+qMV5d2KQSifZOsU70BhiM=
-3,-6,Nlgf+bU2zUxqEQv36RT8vjY5Cqk=,LqWxyVMXSThc1F37JlBFAwDErRM=
-7,-3,Nlgf+bU2zUxqEQv36RT8vjY5Cqk=,CIavfO0zHweTgx2/0Y3q5SSDqD4=
-6,-3,HG3OJMwn2QDsvWcTs/D3pB8ZerQ=,eAkqCrz4OLnhWZ4gjvpSauVakDE=
-7,-2,Nlgf+bU2zUxqEQv36RT8vjY5Cqk=,xc4IJbcz4CPhKUJPcc7Hm1BWPXE=
-6,-2,HG3OJMwn2QDsvWcTs/D3pB8ZerQ=,Dsky8ryCXoH0Z71pAyTPvHUUw5E=
-2,-5,yAO3GGH517YQo8kaY8xokQwSSdc=,KHzNDxP58BumfMEwsD/pm2AIWI8=
-3,-5,yAO3GGH517YQo8kaY8xokQwSSdc=,LqWxyVMXSThc1F37JlBFAwDErRM=
-5,-3,HG3OJMwn2QDsvWcTs/D3pB8ZerQ=,eAkqCrz4OLnhWZ4gjvpSauVakDE=
-5,-2,HG3OJMwn2QDsvWcTs/D3pB8ZerQ=,Dsky8ryCXoH0Z71pAyTPvHUUw5E=
-3,-4,yAO3GGH517YQo8kaY8xokQwSSdc=,Y4d3Gk3qjbZoCPHfglGEMnlW7/o=
-2,-4,yAO3GGH517YQo8kaY8xokQwSSdc=,9safUG470eH6p5lhhXO8o4g8ib0=
-4,-2,Nlgf+bU2zUxqEQv36RT8vjY5Cqk=,UdJ2frqxRm0lQq4Fxv/nE+tgHZ8=
-4,-3,Nlgf+bU2zUxqEQv36RT8vjY5Cqk=,Y4d3Gk3qjbZoCPHfglGEMnlW7/o=
-8,-4,Nlgf+bU2zUxqEQv36RT8vjY5Cqk=,CIavfO0zHweTgx2/0Y3q5SSDqD4=
-9,-5,Nlgf+bU2zUxqEQv36RT8vjY5Cqk=,4ctPHTjOeuI+3o/fgTH/QRXTU9A=
-10,-5,Nlgf+bU2zUxqEQv36RT8vjY5Cqk=,4ctPHTjOeuI+3o/fgTH/QRXTU9A=
-9,-4,Nlgf+bU2zUxqEQv36RT8vjY5Cqk=,AvNtONcsYolm9alQqJi6WqCDzKA=
-10,-4,Nlgf+bU2zUxqEQv36RT8vjY5Cqk=,AvNtONcsYolm9alQqJi6WqCDzKA=
-7,-9,Nlgf+bU2zUxqEQv36RT8vjY5Cqk=,m1j7bpxgAnWLVKh3ecl2PAtjGUM=
-7,-8,Nlgf+bU2zUxqEQv36RT8vjY5Cqk=,CMDwJfGGVszSKnWeufk+2Sgmua8=
-6,-9,r2KlN+EeYm7C160ySt/r5gNmHGw=,ZQLC7PSq2ykzDJxkmnpkcGcM8QI=
-6,-10,r2KlN+EeYm7C160ySt/r5gNmHGw=,ZQLC7PSq2ykzDJxkmnpkcGcM8QI=
-7,-10,Nlgf+bU2zUxqEQv36RT8vjY5Cqk=,m1j7bpxgAnWLVKh3ecl2PAtjGUM=
-2,-2,yAO3GGH517YQo8kaY8xokQwSSdc=,JRvhPWY4SHK82pU+rbFTjw2OzRo=
-2,-3,yAO3GGH517YQo8kaY8xokQwSSdc=,9safUG470eH6p5lhhXO8o4g8ib0=
-3,-2,yAO3GGH517YQo8kaY8xokQwSSdc=,UdJ2frqxRm0lQq4Fxv/nE+tgHZ8=
-6,-4,x5e7jqfh7+BfL6XMqF5CabYAlFw=,eAkqCrz4OLnhWZ4gjvpSauVakDE=
-3,-3,yAO3GGH517YQo8kaY8xokQwSSdc=,Y4d3Gk3qjbZoCPHfglGEMnlW7/o=
-5,-4,m23iHQfOpd8InTQ4sXpzHaV0cSk=,eAkqCrz4OLnhWZ4gjvpSauVakDE=
-4,-7,yAO3GGH517YQo8kaY8xokQwSSdc=,+n2aoA4ntg8kP+Xd3CQzliF+tk0=
-4,-6,yAO3GGH517YQo8kaY8xokQwSSdc=,LqWxyVMXSThc1F37JlBFAwDErRM=
-7,-7,yAO3GGH517YQo8kaY8xokQwSSdc=,CMDwJfGGVszSKnWeufk+2Sgmua8=
-4,-5,yAO3GGH517YQo8kaY8xokQwSSdc=,LqWxyVMXSThc1F37JlBFAwDErRM=
-7,-4,yAO3GGH517YQo8kaY8xokQwSSdc=,CIavfO0zHweTgx2/0Y3q5SSDqD4=
-4,-4,yAO3GGH517YQo8kaY8xokQwSSdc=,Y4d3Gk3qjbZoCPHfglGEMnlW7/o=
-7,-1,yAO3GGH517YQo8kaY8xokQwSSdc=,xc4IJbcz4CPhKUJPcc7Hm1BWPXE=
-6,-1,zWN7MWDagAgRRfoSWJC/fGwx1IE=,Dsky8ryCXoH0Z71pAyTPvHUUw5E=
-5,-1,zWN7MWDagAgRRfoSWJC/fGwx1IE=,Dsky8ryCXoH0Z71pAyTPvHUUw5E=
-1,-10,Nlgf+bU2zUxqEQv36RT8vjY5Cqk=,3pxM+MPMSH1FSASfwccMr6WjntU=
-1,-7,Nlgf+bU2zUxqEQv36RT8vjY5Cqk=,bkc/s+qMV5d2KQSifZOsU70BhiM=
-1,-9,Nlgf+bU2zUxqEQv36RT8vjY5Cqk=,3pxM+MPMSH1FSASfwccMr6WjntU=
-1,-8,Nlgf+bU2zUxqEQv36RT8vjY5Cqk=,bkc/s+qMV5d2KQSifZOsU70BhiM=
-1,-6,Nlgf+bU2zUxqEQv36RT8vjY5Cqk=,KHzNDxP58BumfMEwsD/pm2AIWI8=
-2,-1,yAO3GGH517YQo8kaY8xokQwSSdc=,JRvhPWY4SHK82pU+rbFTjw2OzRo=
-4,-1,yAO3GGH517YQo8kaY8xokQwSSdc=,UdJ2frqxRm0lQq4Fxv/nE+tgHZ8=
-8,-3,Nlgf+bU2zUxqEQv36RT8vjY5Cqk=,CIavfO0zHweTgx2/0Y3q5SSDqD4=
-8,-1,Nlgf+bU2zUxqEQv36RT8vjY5Cqk=,xc4IJbcz4CPhKUJPcc7Hm1BWPXE=
-9,-3,Nlgf+bU2zUxqEQv36RT8vjY5Cqk=,AvNtONcsYolm9alQqJi6WqCDzKA=
-8,-2,Nlgf+bU2zUxqEQv36RT8vjY5Cqk=,xc4IJbcz4CPhKUJPcc7Hm1BWPXE=
-3,-1,yAO3GGH517YQo8kaY8xokQwSSdc=,UdJ2frqxRm0lQq4Fxv/nE+tgHZ8=
-1,-5,yAO3GGH517YQo8kaY8xokQwSSdc=,KHzNDxP58BumfMEwsD/pm2AIWI8=
-9,-1,Nlgf+bU2zUxqEQv36RT8vjY5Cqk=,R9QywDznedJXUBoplQrAxC1Pz/c=
-9,-2,Nlgf+bU2zUxqEQv36RT8vjY5Cqk=,R9QywDznedJXUBoplQrAxC1Pz/c=
-10,-3,Nlgf+bU2zUxqEQv36RT8vjY5Cqk=,AvNtONcsYolm9alQqJi6WqCDzKA=
-10,-2,Nlgf+bU2zUxqEQv36RT8vjY5Cqk=,R9QywDznedJXUBoplQrAxC1Pz/c=
-10,-1,Nlgf+bU2zUxqEQv36RT8vjY5Cqk=,R9QywDznedJXUBoplQrAxC1Pz/c=
-1,-4,yAO3GGH517YQo8kaY8xokQwSSdc=,9safUG470eH6p5lhhXO8o4g8ib0=
-1,-3,yAO3GGH517YQo8kaY8xokQwSSdc=,9safUG470eH6p5lhhXO8o4g8ib0=
-1,-1,yAO3GGH517YQo8kaY8xokQwSSdc=,JRvhPWY4SHK82pU+rbFTjw2OzRo=
-1,-2,yAO3GGH517YQo8kaY8xokQwSSdc=,JRvhPWY4SHK82pU+rbFTjw2OzRo=
-8,-10,Nlgf+bU2zUxqEQv36RT8vjY5Cqk=,m1j7bpxgAnWLVKh3ecl2PAtjGUM=
-10,-10,Nlgf+bU2zUxqEQv36RT8vjY5Cqk=,jQAoKKAAnUQZ18hqLvli219jKrc=
-9,-10,Nlgf+bU2zUxqEQv36RT8vjY5Cqk=,jQAoKKAAnUQZ18hqLvli219jKrc=
-8,-7,Nlgf+bU2zUxqEQv36RT8vjY5Cqk=,CMDwJfGGVszSKnWeufk+2Sgmua8=
-8,-8,Nlgf+bU2zUxqEQv36RT8vjY5Cqk=,CMDwJfGGVszSKnWeufk+2Sgmua8=
-8,-9,Nlgf+bU2zUxqEQv36RT8vjY5Cqk=,m1j7bpxgAnWLVKh3ecl2PAtjGUM=
-9,-7,Nlgf+bU2zUxqEQv36RT8vjY5Cqk=,D+176R5QArBotggoGdVuhLU5MOY=
-9,-6,Nlgf+bU2zUxqEQv36RT8vjY5Cqk=,4ctPHTjOeuI+3o/fgTH/QRXTU9A=
-10,-6,Nlgf+bU2zUxqEQv36RT8vjY5Cqk=,4ctPHTjOeuI+3o/fgTH/QRXTU9A=
-9,-8,Nlgf+bU2zUxqEQv36RT8vjY5Cqk=,D+176R5QArBotggoGdVuhLU5MOY=
-9,-9,Nlgf+bU2zUxqEQv36RT8vjY5Cqk=,jQAoKKAAnUQZ18hqLvli219jKrc=
-10,-8,Nlgf+bU2zUxqEQv36RT8vjY5Cqk=,D+176R5QArBotggoGdVuhLU5MOY=
-10,-9,Nlgf+bU2zUxqEQv36RT8vjY5Cqk=,jQAoKKAAnUQZ18hqLvli219jKrc=
-10,-7,Nlgf+bU2zUxqEQv36RT8vjY5Cqk=,D+176R5QArBotggoGdVuhLU5MOY=
-8,-11,WOEB1bNiIBccpkMnvIGCMKACIGw=,uUxTR97rw4XZb6g7wpJ3sSYxCxg=
-8,-5,0nKXiHzBezAssPHN7ozsHr4nmvI=,Xh5v7GAuaoYmZE6P/vOou4+w5sM=
-8,-6,8CXmH5I32Jqq/kM1dcibmjuiUhg=,Xh5v7GAuaoYmZE6P/vOou4+w5sM=
-2,-11,Nlgf+bU2zUxqEQv36RT8vjY5Cqk=,PU03KXJV1kwEsM6IGpioaj50430=
-3,-11,Nlgf+bU2zUxqEQv36RT8vjY5Cqk=,IcWwFIQ+hKtSfzVL6krocAdSdwA=
-8,-12,zWN7MWDagAgRRfoSWJC/fGwx1IE=,uUxTR97rw4XZb6g7wpJ3sSYxCxg=
-7,-12,zWN7MWDagAgRRfoSWJC/fGwx1IE=,uUxTR97rw4XZb6g7wpJ3sSYxCxg=
-15,-15,yAO3GGH517YQo8kaY8xokQwSSdc=,FjBQZgqwxjo5Hps0T+u9imwtx78=
-16,-15,yAO3GGH517YQo8kaY8xokQwSSdc=,FjBQZgqwxjo5Hps0T+u9imwtx78=
-11,-11,Nlgf+bU2zUxqEQv36RT8vjY5Cqk=,ufLrygyDG85N9RC3cz/0VVrJ3Qg=
-15,-12,yAO3GGH517YQo8kaY8xokQwSSdc=,DwzaSxRSlR6GiB3Ffh7OOWBh5dU=
-16,-12,yAO3GGH517YQo8kaY8xokQwSSdc=,DwzaSxRSlR6GiB3Ffh7OOWBh5dU=
-15,-4,yAO3GGH517YQo8kaY8xokQwSSdc=,8k31rdKCwPmEAtSz12qjaeGFHSA=
-15,-3,yAO3GGH517YQo8kaY8xokQwSSdc=,8k31rdKCwPmEAtSz12qjaeGFHSA=
-13,-3,yAO3GGH517YQo8kaY8xokQwSSdc=,9kseTprNBBnff1uFSrfOw/98LOw=
-16,-4,yAO3GGH517YQo8kaY8xokQwSSdc=,8k31rdKCwPmEAtSz12qjaeGFHSA=
-14,-4,yAO3GGH517YQo8kaY8xokQwSSdc=,9kseTprNBBnff1uFSrfOw/98LOw=
-14,-3,yAO3GGH517YQo8kaY8xokQwSSdc=,9kseTprNBBnff1uFSrfOw/98LOw=
-16,-3,yAO3GGH517YQo8kaY8xokQwSSdc=,8k31rdKCwPmEAtSz12qjaeGFHSA=
-13,-4,yAO3GGH517YQo8kaY8xokQwSSdc=,9kseTprNBBnff1uFSrfOw/98LOw=
-4,-11,Nlgf+bU2zUxqEQv36RT8vjY5Cqk=,IcWwFIQ+hKtSfzVL6krocAdSdwA=
-7,-11,r2KlN+EeYm7C160ySt/r5gNmHGw=,uUxTR97rw4XZb6g7wpJ3sSYxCxg=
-15,-16,yAO3GGH517YQo8kaY8xokQwSSdc=,FjBQZgqwxjo5Hps0T+u9imwtx78=
-7,-5,x5e7jqfh7+BfL6XMqF5CabYAlFw=,Xh5v7GAuaoYmZE6P/vOou4+w5sM=
-7,-6,920D5kRN17exG3N2u5Rz0bvkD+o=,Xh5v7GAuaoYmZE6P/vOou4+w5sM=
-12,-11,yAO3GGH517YQo8kaY8xokQwSSdc=,ufLrygyDG85N9RC3cz/0VVrJ3Qg=
-16,-16,yAO3GGH517YQo8kaY8xokQwSSdc=,FjBQZgqwxjo5Hps0T+u9imwtx78=
-16,-11,yAO3GGH517YQo8kaY8xokQwSSdc=,DwzaSxRSlR6GiB3Ffh7OOWBh5dU=
-12,-12,yAO3GGH517YQo8kaY8xokQwSSdc=,ufLrygyDG85N9RC3cz/0VVrJ3Qg=
-15,-11,yAO3GGH517YQo8kaY8xokQwSSdc=,DwzaSxRSlR6GiB3Ffh7OOWBh5dU=
-11,-12,yAO3GGH517YQo8kaY8xokQwSSdc=,ufLrygyDG85N9RC3cz/0VVrJ3Qg=
-4,-12,yAO3GGH517YQo8kaY8xokQwSSdc=,IcWwFIQ+hKtSfzVL6krocAdSdwA=
-6,-15,zWN7MWDagAgRRfoSWJC/fGwx1IE=,azxjSDMBjK5RzQcltWRZ07ndjgg=
-1,-11,Nlgf+bU2zUxqEQv36RT8vjY5Cqk=,PU03KXJV1kwEsM6IGpioaj50430=
-6,-16,zWN7MWDagAgRRfoSWJC/fGwx1IE=,azxjSDMBjK5RzQcltWRZ07ndjgg=
-5,-15,zWN7MWDagAgRRfoSWJC/fGwx1IE=,azxjSDMBjK5RzQcltWRZ07ndjgg=
-2,-12,Nlgf+bU2zUxqEQv36RT8vjY5Cqk=,PU03KXJV1kwEsM6IGpioaj50430=
-5,-16,zWN7MWDagAgRRfoSWJC/fGwx1IE=,azxjSDMBjK5RzQcltWRZ07ndjgg=
-2,-13,yAO3GGH517YQo8kaY8xokQwSSdc=,Y1vK1hAnFZbDglHdr1hY5z6viaY=
-2,-16,yAO3GGH517YQo8kaY8xokQwSSdc=,namtlhTTtsDUbmzMCT+QgX7qFWk=
-1,-12,yAO3GGH517YQo8kaY8xokQwSSdc=,PU03KXJV1kwEsM6IGpioaj50430=
-3,-12,yAO3GGH517YQo8kaY8xokQwSSdc=,IcWwFIQ+hKtSfzVL6krocAdSdwA=
-1,-15,yAO3GGH517YQo8kaY8xokQwSSdc=,namtlhTTtsDUbmzMCT+QgX7qFWk=
-2,-15,yAO3GGH517YQo8kaY8xokQwSSdc=,namtlhTTtsDUbmzMCT+QgX7qFWk=
-2,-14,yAO3GGH517YQo8kaY8xokQwSSdc=,Y1vK1hAnFZbDglHdr1hY5z6viaY=
-1,-14,yAO3GGH517YQo8kaY8xokQwSSdc=,Y1vK1hAnFZbDglHdr1hY5z6viaY=
-1,-16,yAO3GGH517YQo8kaY8xokQwSSdc=,namtlhTTtsDUbmzMCT+QgX7qFWk=
-1,-13,yAO3GGH517YQo8kaY8xokQwSSdc=,Y1vK1hAnFZbDglHdr1hY5z6viaY=
-15,-17,yAO3GGH517YQo8kaY8xokQwSSdc=,wrZwkfX4hjnp/SVkzhysGeJ0SFI=
-16,-18,yAO3GGH517YQo8kaY8xokQwSSdc=,wrZwkfX4hjnp/SVkzhysGeJ0SFI=
-16,-17,yAO3GGH517YQo8kaY8xokQwSSdc=,wrZwkfX4hjnp/SVkzhysGeJ0SFI=
-15,-18,yAO3GGH517YQo8kaY8xokQwSSdc=,wrZwkfX4hjnp/SVkzhysGeJ0SFI=
-6,-17,8CXmH5I32Jqq/kM1dcibmjuiUhg=,c3Ifm2DKLfQfvK2EJVbwg0QlA98=
-6,-19,8CXmH5I32Jqq/kM1dcibmjuiUhg=,4pBgPVW4Pg/tQWbClweZomspr54=
-7,-17,8CXmH5I32Jqq/kM1dcibmjuiUhg=,+26NE4Mr5KOCNfVIKRGUplJIV1g=
-5,-18,8CXmH5I32Jqq/kM1dcibmjuiUhg=,c3Ifm2DKLfQfvK2EJVbwg0QlA98=
-5,-19,8CXmH5I32Jqq/kM1dcibmjuiUhg=,4pBgPVW4Pg/tQWbClweZomspr54=
-6,-18,8CXmH5I32Jqq/kM1dcibmjuiUhg=,c3Ifm2DKLfQfvK2EJVbwg0QlA98=
-7,-18,8CXmH5I32Jqq/kM1dcibmjuiUhg=,+26NE4Mr5KOCNfVIKRGUplJIV1g=
-5,-20,8CXmH5I32Jqq/kM1dcibmjuiUhg=,4pBgPVW4Pg/tQWbClweZomspr54=
-6,-20,8CXmH5I32Jqq/kM1dcibmjuiUhg=,4pBgPVW4Pg/tQWbClweZomspr54=
-8,-17,8CXmH5I32Jqq/kM1dcibmjuiUhg=,+26NE4Mr5KOCNfVIKRGUplJIV1g=
-8,-18,8CXmH5I32Jqq/kM1dcibmjuiUhg=,+26NE4Mr5KOCNfVIKRGUplJIV1g=
-5,-17,8CXmH5I32Jqq/kM1dcibmjuiUhg=,c3Ifm2DKLfQfvK2EJVbwg0QlA98=
-1,-20,yAO3GGH517YQo8kaY8xokQwSSdc=,L7IunGvAzO2+Si9rgboZxl0eRns=
-2,-20,yAO3GGH517YQo8kaY8xokQwSSdc=,L7IunGvAzO2+Si9rgboZxl0eRns=
-2,-19,yAO3GGH517YQo8kaY8xokQwSSdc=,L7IunGvAzO2+Si9rgboZxl0eRns=
-2,-18,yAO3GGH517YQo8kaY8xokQwSSdc=,nSQWSE0rfYigy+3aMR55Egejuw8=
-2,-17,yAO3GGH517YQo8kaY8xokQwSSdc=,nSQWSE0rfYigy+3aMR55Egejuw8=
-1,-19,yAO3GGH517YQo8kaY8xokQwSSdc=,L7IunGvAzO2+Si9rgboZxl0eRns=
-1,-17,yAO3GGH517YQo8kaY8xokQwSSdc=,nSQWSE0rfYigy+3aMR55Egejuw8=
-1,-18,yAO3GGH517YQo8kaY8xokQwSSdc=,nSQWSE0rfYigy+3aMR55Egejuw8=
-17,-20,GsBPvUqGTq3kCOjVoyN5xhHenRc=,THiw0iDVIsjGGNWVBpqIP+Ne8qo=
-17,-19,GsBPvUqGTq3kCOjVoyN5xhHenRc=,THiw0iDVIsjGGNWVBpqIP+Ne8qo=
-17,-17,GsBPvUqGTq3kCOjVoyN5xhHenRc=,ouIDwIX2uhWlcfmDaQ8z0fl318k=
-17,-18,GsBPvUqGTq3kCOjVoyN5xhHenRc=,ouIDwIX2uhWlcfmDaQ8z0fl318k=
-19,-20,GsBPvUqGTq3kCOjVoyN5xhHenRc=,nfKRoT87g1evb4LiFkYw7HhzbQQ=
-18,-20,GsBPvUqGTq3kCOjVoyN5xhHenRc=,THiw0iDVIsjGGNWVBpqIP+Ne8qo=
-20,-20,GsBPvUqGTq3kCOjVoyN5xhHenRc=,nfKRoT87g1evb4LiFkYw7HhzbQQ=
-18,-17,GsBPvUqGTq3kCOjVoyN5xhHenRc=,ouIDwIX2uhWlcfmDaQ8z0fl318k=
-18,-18,GsBPvUqGTq3kCOjVoyN5xhHenRc=,ouIDwIX2uhWlcfmDaQ8z0fl318k=
-18,-19,GsBPvUqGTq3kCOjVoyN5xhHenRc=,THiw0iDVIsjGGNWVBpqIP+Ne8qo=
-19,-17,GsBPvUqGTq3kCOjVoyN5xhHenRc=,UY3t2ys8U8hoEya0ae7QCMr2ANU=
-19,-18,GsBPvUqGTq3kCOjVoyN5xhHenRc=,UY3t2ys8U8hoEya0ae7QCMr2ANU=
-19,-19,GsBPvUqGTq3kCOjVoyN5xhHenRc=,nfKRoT87g1evb4LiFkYw7HhzbQQ=
-20,-17,GsBPvUqGTq3kCOjVoyN5xhHenRc=,UY3t2ys8U8hoEya0ae7QCMr2ANU=
-20,-19,GsBPvUqGTq3kCOjVoyN5xhHenRc=,nfKRoT87g1evb4LiFkYw7HhzbQQ=
-20,-18,GsBPvUqGTq3kCOjVoyN5xhHenRc=,UY3t2ys8U8hoEya0ae7QCMr2ANU=
-18,-5,GsBPvUqGTq3kCOjVoyN5xhHenRc=,NvSkBG3ga0yXt7++WAD+JmogzUI=
-18,-4,GsBPvUqGTq3kCOjVoyN5xhHenRc=,ca32d6evm4mpjO74BEhYTDVoQs8=
-19,-5,k8q//F9i3u/Rqnj7a5SWLlSH1To=,2GSpG8ogD19iiIwR4hDxMMPHZ4A=
-19,-4,k8q//F9i3u/Rqnj7a5SWLlSH1To=,KMJJGKq5YulTb6t2BkXo7nYegXM=
-20,-5,k8q//F9i3u/Rqnj7a5SWLlSH1To=,2GSpG8ogD19iiIwR4hDxMMPHZ4A=
-20,-4,k8q//F9i3u/Rqnj7a5SWLlSH1To=,KMJJGKq5YulTb6t2BkXo7nYegXM=
-18,-7,k8q//F9i3u/Rqnj7a5SWLlSH1To=,gb6av1HZysLFcJyEBGhtmVhMwcg=
-18,-6,k8q//F9i3u/Rqnj7a5SWLlSH1To=,NvSkBG3ga0yXt7++WAD+JmogzUI=
-19,-6,k8q//F9i3u/Rqnj7a5SWLlSH1To=,2GSpG8ogD19iiIwR4hDxMMPHZ4A=
-19,-7,k8q//F9i3u/Rqnj7a5SWLlSH1To=,ipZGm8VQdF2MVQjZIu2OA1MsjSQ=
-20,-7,k8q//F9i3u/Rqnj7a5SWLlSH1To=,ipZGm8VQdF2MVQjZIu2OA1MsjSQ=
-20,-6,k8q//F9i3u/Rqnj7a5SWLlSH1To=,2GSpG8ogD19iiIwR4hDxMMPHZ4A=
-18,-8,k8q//F9i3u/Rqnj7a5SWLlSH1To=,gb6av1HZysLFcJyEBGhtmVhMwcg=
-18,-9,k8q//F9i3u/Rqnj7a5SWLlSH1To=,lJd8/CCrOy8wG30aCg0+9NluLjM=
-19,-9,k8q//F9i3u/Rqnj7a5SWLlSH1To=,1ouLtuKbDLZrHFnQkYcR+vyCgXs=
-19,-8,k8q//F9i3u/Rqnj7a5SWLlSH1To=,ipZGm8VQdF2MVQjZIu2OA1MsjSQ=
-20,-8,k8q//F9i3u/Rqnj7a5SWLlSH1To=,ipZGm8VQdF2MVQjZIu2OA1MsjSQ=
-20,-9,k8q//F9i3u/Rqnj7a5SWLlSH1To=,1ouLtuKbDLZrHFnQkYcR+vyCgXs=
-18,-11,k8q//F9i3u/Rqnj7a5SWLlSH1To=,PUzhserPghRpf2Zt5S8PybgxzwY=
-18,-10,k8q//F9i3u/Rqnj7a5SWLlSH1To=,lJd8/CCrOy8wG30aCg0+9NluLjM=
-19,-11,k8q//F9i3u/Rqnj7a5SWLlSH1To=,ac/vqaYcp+V/LE4F7k/1bPYtFHY=
-19,-10,k8q//F9i3u/Rqnj7a5SWLlSH1To=,1ouLtuKbDLZrHFnQkYcR+vyCgXs=
-20,-10,k8q//F9i3u/Rqnj7a5SWLlSH1To=,1ouLtuKbDLZrHFnQkYcR+vyCgXs=
-18,-3,k8q//F9i3u/Rqnj7a5SWLlSH1To=,ca32d6evm4mpjO74BEhYTDVoQs8=
-20,-11,k8q//F9i3u/Rqnj7a5SWLlSH1To=,ac/vqaYcp+V/LE4F7k/1bPYtFHY=
-18,-2,k8q//F9i3u/Rqnj7a5SWLlSH1To=,S+B10zUc7BaPp3Uf0OEH8e8u/PI=
-20,-3,k8q//F9i3u/Rqnj7a5SWLlSH1To=,KMJJGKq5YulTb6t2BkXo7nYegXM=
-19,-3,k8q//F9i3u/Rqnj7a5SWLlSH1To=,KMJJGKq5YulTb6t2BkXo7nYegXM=
-19,-2,k8q//F9i3u/Rqnj7a5SWLlSH1To=,LKJhIyR/twJq5LCzbbhJV2gurT4=
-17,-12,k8q//F9i3u/Rqnj7a5SWLlSH1To=,PUzhserPghRpf2Zt5S8PybgxzwY=
-17,-13,k8q//F9i3u/Rqnj7a5SWLlSH1To=,O0pfmMB6MFIW7iFSMFmpj3T6vKA=
-17,-4,k8q//F9i3u/Rqnj7a5SWLlSH1To=,ca32d6evm4mpjO74BEhYTDVoQs8=
-17,-5,k8q//F9i3u/Rqnj7a5SWLlSH1To=,NvSkBG3ga0yXt7++WAD+JmogzUI=
-17,-3,k8q//F9i3u/Rqnj7a5SWLlSH1To=,ca32d6evm4mpjO74BEhYTDVoQs8=
-17,-2,k8q//F9i3u/Rqnj7a5SWLlSH1To=,S+B10zUc7BaPp3Uf0OEH8e8u/PI=
-17,-10,k8q//F9i3u/Rqnj7a5SWLlSH1To=,lJd8/CCrOy8wG30aCg0+9NluLjM=
-17,-7,k8q//F9i3u/Rqnj7a5SWLlSH1To=,gb6av1HZysLFcJyEBGhtmVhMwcg=
-17,-6,k8q//F9i3u/Rqnj7a5SWLlSH1To=,NvSkBG3ga0yXt7++WAD+JmogzUI=
-17,-11,k8q//F9i3u/Rqnj7a5SWLlSH1To=,PUzhserPghRpf2Zt5S8PybgxzwY=
-17,-9,k8q//F9i3u/Rqnj7a5SWLlSH1To=,lJd8/CCrOy8wG30aCg0+9NluLjM=
-17,-1,k8q//F9i3u/Rqnj7a5SWLlSH1To=,S+B10zUc7BaPp3Uf0OEH8e8u/PI=
-17,-8,k8q//F9i3u/Rqnj7a5SWLlSH1To=,gb6av1HZysLFcJyEBGhtmVhMwcg=
-18,-1,k8q//F9i3u/Rqnj7a5SWLlSH1To=,S+B10zUc7BaPp3Uf0OEH8e8u/PI=
-20,-2,k8q//F9i3u/Rqnj7a5SWLlSH1To=,LKJhIyR/twJq5LCzbbhJV2gurT4=
-20,-1,k8q//F9i3u/Rqnj7a5SWLlSH1To=,LKJhIyR/twJq5LCzbbhJV2gurT4=
-19,-1,k8q//F9i3u/Rqnj7a5SWLlSH1To=,LKJhIyR/twJq5LCzbbhJV2gurT4=
-17,-14,k8q//F9i3u/Rqnj7a5SWLlSH1To=,O0pfmMB6MFIW7iFSMFmpj3T6vKA=
-17,-15,k8q//F9i3u/Rqnj7a5SWLlSH1To=,a/tL4ImjxGaE6M57I87Ah+n34xc=
-18,-12,k8q//F9i3u/Rqnj7a5SWLlSH1To=,PUzhserPghRpf2Zt5S8PybgxzwY=
-18,-13,k8q//F9i3u/Rqnj7a5SWLlSH1To=,O0pfmMB6MFIW7iFSMFmpj3T6vKA=
-19,-12,k8q//F9i3u/Rqnj7a5SWLlSH1To=,ac/vqaYcp+V/LE4F7k/1bPYtFHY=
-19,-13,k8q//F9i3u/Rqnj7a5SWLlSH1To=,pO9Acga8bMqTq0P0CTIUCGBVTDA=
-17,-16,k8q//F9i3u/Rqnj7a5SWLlSH1To=,a/tL4ImjxGaE6M57I87Ah+n34xc=
-20,-12,k8q//F9i3u/Rqnj7a5SWLlSH1To=,ac/vqaYcp+V/LE4F7k/1bPYtFHY=
-20,-13,k8q//F9i3u/Rqnj7a5SWLlSH1To=,pO9Acga8bMqTq0P0CTIUCGBVTDA=
-18,-14,k8q//F9i3u/Rqnj7a5SWLlSH1To=,O0pfmMB6MFIW7iFSMFmpj3T6vKA=
-18,-15,k8q//F9i3u/Rqnj7a5SWLlSH1To=,a/tL4ImjxGaE6M57I87Ah+n34xc=
-18,-16,k8q//F9i3u/Rqnj7a5SWLlSH1To=,a/tL4ImjxGaE6M57I87Ah+n34xc=
-19,-14,k8q//F9i3u/Rqnj7a5SWLlSH1To=,pO9Acga8bMqTq0P0CTIUCGBVTDA=
-19,-16,k8q//F9i3u/Rqnj7a5SWLlSH1To=,Stq0Ki+eePUzVZr2lT84ATmgs3M=
-19,-15,k8q//F9i3u/Rqnj7a5SWLlSH1To=,Stq0Ki+eePUzVZr2lT84ATmgs3M=
-20,-16,k8q//F9i3u/Rqnj7a5SWLlSH1To=,Stq0Ki+eePUzVZr2lT84ATmgs3M=
-20,-14,k8q//F9i3u/Rqnj7a5SWLlSH1To=,pO9Acga8bMqTq0P0CTIUCGBVTDA=
-20,-15,k8q//F9i3u/Rqnj7a5SWLlSH1To=,Stq0Ki+eePUzVZr2lT84ATmgs3M=
-6,-7,920D5kRN17exG3N2u5Rz0bvkD+o=,hznLNC0oJ01OcyZvbZC2MPWBdlE=
-6,-6,920D5kRN17exG3N2u5Rz0bvkD+o=,7FSzAOi6kbJClyQXwNuc1gK6cAY=
-6,-8,r2KlN+EeYm7C160ySt/r5gNmHGw=,hznLNC0oJ01OcyZvbZC2MPWBdlE=
-6,-5,x5e7jqfh7+BfL6XMqF5CabYAlFw=,7FSzAOi6kbJClyQXwNuc1gK6cAY=
-5,-6,r2KlN+EeYm7C160ySt/r5gNmHGw=,7FSzAOi6kbJClyQXwNuc1gK6cAY=
-5,-7,r2KlN+EeYm7C160ySt/r5gNmHGw=,hznLNC0oJ01OcyZvbZC2MPWBdlE=
-5,-8,r2KlN+EeYm7C160ySt/r5gNmHGw=,hznLNC0oJ01OcyZvbZC2MPWBdlE=
-5,-5,m23iHQfOpd8InTQ4sXpzHaV0cSk=,7FSzAOi6kbJClyQXwNuc1gK6cAY=
-11,-2,Nlgf+bU2zUxqEQv36RT8vjY5Cqk=,Ir/U0iCrAYo/Ejddh4J50aiMO0U=
-12,-1,yAO3GGH517YQo8kaY8xokQwSSdc=,Ir/U0iCrAYo/Ejddh4J50aiMO0U=
-11,-1,Nlgf+bU2zUxqEQv36RT8vjY5Cqk=,Ir/U0iCrAYo/Ejddh4J50aiMO0U=
-12,-2,yAO3GGH517YQo8kaY8xokQwSSdc=,Ir/U0iCrAYo/Ejddh4J50aiMO0U=
-12,-7,yAO3GGH517YQo8kaY8xokQwSSdc=,eZNFzw+BoQIWb8Ov8YsXKyHHBcU=
-11,-8,Nlgf+bU2zUxqEQv36RT8vjY5Cqk=,eZNFzw+BoQIWb8Ov8YsXKyHHBcU=
-12,-8,yAO3GGH517YQo8kaY8xokQwSSdc=,eZNFzw+BoQIWb8Ov8YsXKyHHBcU=
-11,-7,Nlgf+bU2zUxqEQv36RT8vjY5Cqk=,eZNFzw+BoQIWb8Ov8YsXKyHHBcU=
-5,-11,r2KlN+EeYm7C160ySt/r5gNmHGw=,1qt+71nA4pFBDeWX2cIKqlYM+OY=
-6,-11,r2KlN+EeYm7C160ySt/r5gNmHGw=,1qt+71nA4pFBDeWX2cIKqlYM+OY=
-11,-5,Nlgf+bU2zUxqEQv36RT8vjY5Cqk=,P1ypbjnz5+dpheMJHEdidx6cxxo=
-11,-4,Nlgf+bU2zUxqEQv36RT8vjY5Cqk=,bazBuX3lZgn99q6UihUnShW8npY=
-12,-10,yAO3GGH517YQo8kaY8xokQwSSdc=,mOUbDaP2GdELdiV4UmHIc2fB9xQ=
-12,-9,yAO3GGH517YQo8kaY8xokQwSSdc=,mOUbDaP2GdELdiV4UmHIc2fB9xQ=
-12,-3,yAO3GGH517YQo8kaY8xokQwSSdc=,bazBuX3lZgn99q6UihUnShW8npY=
-12,-6,yAO3GGH517YQo8kaY8xokQwSSdc=,P1ypbjnz5+dpheMJHEdidx6cxxo=
-12,-5,yAO3GGH517YQo8kaY8xokQwSSdc=,P1ypbjnz5+dpheMJHEdidx6cxxo=
-12,-4,yAO3GGH517YQo8kaY8xokQwSSdc=,bazBuX3lZgn99q6UihUnShW8npY=
-6,-12,zWN7MWDagAgRRfoSWJC/fGwx1IE=,1qt+71nA4pFBDeWX2cIKqlYM+OY=
-5,-12,zWN7MWDagAgRRfoSWJC/fGwx1IE=,1qt+71nA4pFBDeWX2cIKqlYM+OY=
-10,-12,yAO3GGH517YQo8kaY8xokQwSSdc=,OxtVG6S2mptrJsopq68EMpRKWME=
-9,-12,yAO3GGH517YQo8kaY8xokQwSSdc=,OxtVG6S2mptrJsopq68EMpRKWME=
-9,-11,Nlgf+bU2zUxqEQv36RT8vjY5Cqk=,OxtVG6S2mptrJsopq68EMpRKWME=
-11,-10,Nlgf+bU2zUxqEQv36RT8vjY5Cqk=,mOUbDaP2GdELdiV4UmHIc2fB9xQ=
-10,-11,Nlgf+bU2zUxqEQv36RT8vjY5Cqk=,OxtVG6S2mptrJsopq68EMpRKWME=
-11,-9,Nlgf+bU2zUxqEQv36RT8vjY5Cqk=,mOUbDaP2GdELdiV4UmHIc2fB9xQ=
-11,-6,Nlgf+bU2zUxqEQv36RT8vjY5Cqk=,P1ypbjnz5+dpheMJHEdidx6cxxo=
-11,-3,Nlgf+bU2zUxqEQv36RT8vjY5Cqk=,bazBuX3lZgn99q6UihUnShW8npY=
-12,-20,yAO3GGH517YQo8kaY8xokQwSSdc=,e7YGduoR3PYxSl6Rfas0zIYpCEs=
-13,-20,yAO3GGH517YQo8kaY8xokQwSSdc=,q23NBj9++mJ2j2kvRJkr9Q2W3C8=
-8,-19,8CXmH5I32Jqq/kM1dcibmjuiUhg=,dmltVTRZJWj5rW7OtKdbHJF9YXc=
-7,-19,8CXmH5I32Jqq/kM1dcibmjuiUhg=,dmltVTRZJWj5rW7OtKdbHJF9YXc=
-8,-20,8CXmH5I32Jqq/kM1dcibmjuiUhg=,dmltVTRZJWj5rW7OtKdbHJF9YXc=
-9,-19,yAO3GGH517YQo8kaY8xokQwSSdc=,2nN5saHBpREmGOPVvC3+BN0J9tc=
-9,-20,yAO3GGH517YQo8kaY8xokQwSSdc=,2nN5saHBpREmGOPVvC3+BN0J9tc=
-11,-20,yAO3GGH517YQo8kaY8xokQwSSdc=,e7YGduoR3PYxSl6Rfas0zIYpCEs=
-7,-20,8CXmH5I32Jqq/kM1dcibmjuiUhg=,dmltVTRZJWj5rW7OtKdbHJF9YXc=
-14,-19,yAO3GGH517YQo8kaY8xokQwSSdc=,q23NBj9++mJ2j2kvRJkr9Q2W3C8=
-10,-20,yAO3GGH517YQo8kaY8xokQwSSdc=,2nN5saHBpREmGOPVvC3+BN0J9tc=
-15,-20,yAO3GGH517YQo8kaY8xokQwSSdc=,llFEbplGcCiQfX0EOmdDZE3RoxM=
-14,-20,yAO3GGH517YQo8kaY8xokQwSSdc=,q23NBj9++mJ2j2kvRJkr9Q2W3C8=
-15,-19,yAO3GGH517YQo8kaY8xokQwSSdc=,llFEbplGcCiQfX0EOmdDZE3RoxM=
-16,-20,yAO3GGH517YQo8kaY8xokQwSSdc=,llFEbplGcCiQfX0EOmdDZE3RoxM=
-4,-19,yAO3GGH517YQo8kaY8xokQwSSdc=,Ut6HV+vQ/uTh25MaEyeDHuLqDrg=
-13,-19,yAO3GGH517YQo8kaY8xokQwSSdc=,q23NBj9++mJ2j2kvRJkr9Q2W3C8=
-11,-19,yAO3GGH517YQo8kaY8xokQwSSdc=,e7YGduoR3PYxSl6Rfas0zIYpCEs=
-12,-19,yAO3GGH517YQo8kaY8xokQwSSdc=,e7YGduoR3PYxSl6Rfas0zIYpCEs=
-10,-19,yAO3GGH517YQo8kaY8xokQwSSdc=,2nN5saHBpREmGOPVvC3+BN0J9tc=
-4,-20,yAO3GGH517YQo8kaY8xokQwSSdc=,Ut6HV+vQ/uTh25MaEyeDHuLqDrg=
-16,-19,yAO3GGH517YQo8kaY8xokQwSSdc=,llFEbplGcCiQfX0EOmdDZE3RoxM=
-3,-20,yAO3GGH517YQo8kaY8xokQwSSdc=,Ut6HV+vQ/uTh25MaEyeDHuLqDrg=
-3,-19,yAO3GGH517YQo8kaY8xokQwSSdc=,Ut6HV+vQ/uTh25MaEyeDHuLqDrg=
