-7,4,oIzOZMKyvBr3NRKnMBzXSSzbnJ0=,Qsn3M3WS6sTejtMQXw0J1wTe/OE=
-6,3,lrvgl9n35TRKts4fgIhoB5NsMKc=,5FvjhIwcrukLCFnn7OOlY0GomuI=
-6,4,lrvgl9n35TRKts4fgIhoB5NsMKc=,0H4OP+eVtWK8VWGK6GytJTB7ppI=
-8,6,YTJummKyWCBXekBx6uflZbulofM=,vnXZjR3ZdQ2ljZEfU2s1aiVqk48=
-8,5,YTJummKyWCBXekBx6uflZbulofM=,Qsn3M3WS6sTejtMQXw0J1wTe/OE=
-9,5,oIzOZMKyvBr3NRKnMBzXSSzbnJ0=,aODm34cPMZ069Mk3b/Je6dqQ2RU=
-9,6,oIzOZMKyvBr3NRKnMBzXSSzbnJ0=,ptg7EABupchEKMqD0H5NPp0Q+M4=
-10,6,oIzOZMKyvBr3NRKnMBzXSSzbnJ0=,ptg7EABupchEKMqD0H5NPp0Q+M4=
-10,5,oIzOZMKyvBr3NRKnMBzXSSzbnJ0=,aODm34cPMZ069Mk3b/Je6dqQ2RU=
-5,4,lrvgl9n35TRKts4fgIhoB5NsMKc=,0H4OP+eVtWK8VWGK6GytJTB7ppI=
-5,3,lrvgl9n35TRKts4fgIhoB5NsMKc=,5FvjhIwcrukLCFnn7OOlY0GomuI=
-4,4,oIzOZMKyvBr3NRKnMBzXSSzbnJ0=,+etf71N3KH1SIpX57w0AaaZDbv4=
-4,3,oIzOZMKyvBr3NRKnMBzXSSzbnJ0=,f0gxar5H2AtWqPBp5NjpKpuSQmQ=
-5,1,lrvgl9n35TRKts4fgIhoB5NsMKc=,AqkIOsmCRabEz+yvJ8EVBqb8O5U=
-5,2,lrvgl9n35TRKts4fgIhoB5NsMKc=,5FvjhIwcrukLCFnn7OOlY0GomuI=
-4,1,oIzOZMKyvBr3NRKnMBzXSSzbnJ0=,ff6DZr6u4YW3xgKTOqD/Nv5ZeBY=
-4,2,oIzOZMKyvBr3NRKnMBzXSSzbnJ0=,f0gxar5H2AtWqPBp5NjpKpuSQmQ=
-3,4,YTJummKyWCBXekBx6uflZbulofM=,+etf71N3KH1SIpX57w0AaaZDbv4=
-3,3,YTJummKyWCBXekBx6uflZbulofM=,f0gxar5H2AtWqPBp5NjpKpuSQmQ=
-2,4,YTJummKyWCBXekBx6uflZbulofM=,4CNfKcyBIAGoair0cmnPYv1sWRg=
-2,3,YTJummKyWCBXekBx6uflZbulofM=,+AW7F2efwCJfKZxgm7mtbBFV8qI=
-3,5,SLOEulEgQxu4HZnqS6dGLlXJre8=,+etf71N3KH1SIpX57w0AaaZDbv4=
-2,5,SLOEulEgQxu4HZnqS6dGLlXJre8=,4CNfKcyBIAGoair0cmnPYv1sWRg=
-2,6,SLOEulEgQxu4HZnqS6dGLlXJre8=,yYM+TN1l1WVV8nPHewZ8bmuTVWU=
-3,8,SLOEulEgQxu4HZnqS6dGLlXJre8=,M/vTVW+zkn96Op4PUQrI+1WKdY8=
-2,8,SLOEulEgQxu4HZnqS6dGLlXJre8=,Zo9Oh9wHmd+OIfcJV69LDuxSkHg=
-3,9,SLOEulEgQxu4HZnqS6dGLlXJre8=,M/vTVW+zkn96Op4PUQrI+1WKdY8=
-2,7,SLOEulEgQxu4HZnqS6dGLlXJre8=,yYM+TN1l1WVV8nPHewZ8bmuTVWU=
-2,9,SLOEulEgQxu4HZnqS6dGLlXJre8=,Zo9Oh9wHmd+OIfcJV69LDuxSkHg=
-1,7,SLOEulEgQxu4HZnqS6dGLlXJre8=,yYM+TN1l1WVV8nPHewZ8bmuTVWU=
-1,8,SLOEulEgQxu4HZnqS6dGLlXJre8=,Zo9Oh9wHmd+OIfcJV69LDuxSkHg=
-1,9,YTJummKyWCBXekBx6uflZbulofM=,Zo9Oh9wHmd+OIfcJV69LDuxSkHg=
-1,6,SLOEulEgQxu4HZnqS6dGLlXJre8=,yYM+TN1l1WVV8nPHewZ8bmuTVWU=
-1,5,SLOEulEgQxu4HZnqS6dGLlXJre8=,4CNfKcyBIAGoair0cmnPYv1sWRg=
-4,5,oIzOZMKyvBr3NRKnMBzXSSzbnJ0=,+etf71N3KH1SIpX57w0AaaZDbv4=
-7,6,oIzOZMKyvBr3NRKnMBzXSSzbnJ0=,vnXZjR3ZdQ2ljZEfU2s1aiVqk48=
-6,5,2JpbXgSld41+1yjWphpv3El/t58=,0H4OP+eVtWK8VWGK6GytJTB7ppI=
-5,5,lrvgl9n35TRKts4fgIhoB5NsMKc=,0H4OP+eVtWK8VWGK6GytJTB7ppI=
-7,5,oIzOZMKyvBr3NRKnMBzXSSzbnJ0=,Qsn3M3WS6sTejtMQXw0J1wTe/OE=
-1,4,YTJummKyWCBXekBx6uflZbulofM=,4CNfKcyBIAGoair0cmnPYv1sWRg=
-5,0,2JpbXgSld41+1yjWphpv3El/t58=,AqkIOsmCRabEz+yvJ8EVBqb8O5U=
-1,3,YTJummKyWCBXekBx6uflZbulofM=,+AW7F2efwCJfKZxgm7mtbBFV8qI=
-4,0,oIzOZMKyvBr3NRKnMBzXSSzbnJ0=,ff6DZr6u4YW3xgKTOqD/Nv5ZeBY=
-6,2,lrvgl9n35TRKts4fgIhoB5NsMKc=,5FvjhIwcrukLCFnn7OOlY0GomuI=
-6,1,lrvgl9n35TRKts4fgIhoB5NsMKc=,AqkIOsmCRabEz+yvJ8EVBqb8O5U=
-6,0,2JpbXgSld41+1yjWphpv3El/t58=,AqkIOsmCRabEz+yvJ8EVBqb8O5U=
-9,1,oIzOZMKyvBr3NRKnMBzXSSzbnJ0=,cHsu+nH4xdQ6E1eejMQiN74bsHg=
-8,4,oIzOZMKyvBr3NRKnMBzXSSzbnJ0=,Qsn3M3WS6sTejtMQXw0J1wTe/OE=
-9,2,oIzOZMKyvBr3NRKnMBzXSSzbnJ0=,UgcaAzSTggx63UYPd4cdcfJ1o/8=
-9,4,oIzOZMKyvBr3NRKnMBzXSSzbnJ0=,aODm34cPMZ069Mk3b/Je6dqQ2RU=
-7,7,oIzOZMKyvBr3NRKnMBzXSSzbnJ0=,vnXZjR3ZdQ2ljZEfU2s1aiVqk48=
-4,8,oIzOZMKyvBr3NRKnMBzXSSzbnJ0=,M/vTVW+zkn96Op4PUQrI+1WKdY8=
-9,3,oIzOZMKyvBr3NRKnMBzXSSzbnJ0=,UgcaAzSTggx63UYPd4cdcfJ1o/8=
-9,0,oIzOZMKyvBr3NRKnMBzXSSzbnJ0=,cHsu+nH4xdQ6E1eejMQiN74bsHg=
-4,9,oIzOZMKyvBr3NRKnMBzXSSzbnJ0=,M/vTVW+zkn96Op4PUQrI+1WKdY8=
-10,4,oIzOZMKyvBr3NRKnMBzXSSzbnJ0=,aODm34cPMZ069Mk3b/Je6dqQ2RU=
-8,7,oIzOZMKyvBr3NRKnMBzXSSzbnJ0=,vnXZjR3ZdQ2ljZEfU2s1aiVqk48=
-9,7,oIzOZMKyvBr3NRKnMBzXSSzbnJ0=,ptg7EABupchEKMqD0H5NPp0Q+M4=
-9,8,oIzOZMKyvBr3NRKnMBzXSSzbnJ0=,pqx1zLVQK2cwRkz88mvSiEaS0aU=
-9,9,oIzOZMKyvBr3NRKnMBzXSSzbnJ0=,pqx1zLVQK2cwRkz88mvSiEaS0aU=
-10,2,oIzOZMKyvBr3NRKnMBzXSSzbnJ0=,UgcaAzSTggx63UYPd4cdcfJ1o/8=
-10,9,oIzOZMKyvBr3NRKnMBzXSSzbnJ0=,pqx1zLVQK2cwRkz88mvSiEaS0aU=
-10,1,oIzOZMKyvBr3NRKnMBzXSSzbnJ0=,cHsu+nH4xdQ6E1eejMQiN74bsHg=
-10,0,oIzOZMKyvBr3NRKnMBzXSSzbnJ0=,cHsu+nH4xdQ6E1eejMQiN74bsHg=
-10,3,oIzOZMKyvBr3NRKnMBzXSSzbnJ0=,UgcaAzSTggx63UYPd4cdcfJ1o/8=
-10,7,oIzOZMKyvBr3NRKnMBzXSSzbnJ0=,ptg7EABupchEKMqD0H5NPp0Q+M4=
-10,8,oIzOZMKyvBr3NRKnMBzXSSzbnJ0=,pqx1zLVQK2cwRkz88mvSiEaS0aU=
-1,0,YTJummKyWCBXekBx6uflZbulofM=,Bu8GJEjwFVvP9PO+7+NLdW5Vn/Y=
-2,1,YTJummKyWCBXekBx6uflZbulofM=,Bu8GJEjwFVvP9PO+7+NLdW5Vn/Y=
-3,2,YTJummKyWCBXekBx6uflZbulofM=,f0gxar5H2AtWqPBp5NjpKpuSQmQ=
-1,1,YTJummKyWCBXekBx6uflZbulofM=,Bu8GJEjwFVvP9PO+7+NLdW5Vn/Y=
-2,2,YTJummKyWCBXekBx6uflZbulofM=,+AW7F2efwCJfKZxgm7mtbBFV8qI=
-1,2,YTJummKyWCBXekBx6uflZbulofM=,+AW7F2efwCJfKZxgm7mtbBFV8qI=
-3,0,YTJummKyWCBXekBx6uflZbulofM=,ff6DZr6u4YW3xgKTOqD/Nv5ZeBY=
-2,0,YTJummKyWCBXekBx6uflZbulofM=,Bu8GJEjwFVvP9PO+7+NLdW5Vn/Y=
-3,1,YTJummKyWCBXekBx6uflZbulofM=,ff6DZr6u4YW3xgKTOqD/Nv5ZeBY=
-19,4,yAO3GGH517YQo8kaY8xokQwSSdc=,V+LgeuapmF5t1evrc8TdHdKdpdY=
-18,3,yAO3GGH517YQo8kaY8xokQwSSdc=,hsD3Jeowlx4OlKkC7u59Qvwq3z0=
-19,3,yAO3GGH517YQo8kaY8xokQwSSdc=,FUo6z06GSlxo9ftp81AEZUZmjew=
-18,4,yAO3GGH517YQo8kaY8xokQwSSdc=,+rn94RDK3eAZ/L/hPeimd8yV2zk=
-20,3,yAO3GGH517YQo8kaY8xokQwSSdc=,FUo6z06GSlxo9ftp81AEZUZmjew=
-20,4,yAO3GGH517YQo8kaY8xokQwSSdc=,V+LgeuapmF5t1evrc8TdHdKdpdY=
-19,6,yAO3GGH517YQo8kaY8xokQwSSdc=,eSz62oIrF8MWp7KLtG3vTv6g7TM=
-19,5,yAO3GGH517YQo8kaY8xokQwSSdc=,V+LgeuapmF5t1evrc8TdHdKdpdY=
-18,5,yAO3GGH517YQo8kaY8xokQwSSdc=,+rn94RDK3eAZ/L/hPeimd8yV2zk=
-20,5,yAO3GGH517YQo8kaY8xokQwSSdc=,V+LgeuapmF5t1evrc8TdHdKdpdY=
-18,6,yAO3GGH517YQo8kaY8xokQwSSdc=,WNMXM8PPZbtk/CPc1KB8qn9OC2E=
-20,6,yAO3GGH517YQo8kaY8xokQwSSdc=,eSz62oIrF8MWp7KLtG3vTv6g7TM=
-18,7,yAO3GGH517YQo8kaY8xokQwSSdc=,WNMXM8PPZbtk/CPc1KB8qn9OC2E=
-18,8,yAO3GGH517YQo8kaY8xokQwSSdc=,KpTP3X8DYKaJVMOog0sU3o3tKRg=
-19,7,yAO3GGH517YQo8kaY8xokQwSSdc=,eSz62oIrF8MWp7KLtG3vTv6g7TM=
-19,8,yAO3GGH517YQo8kaY8xokQwSSdc=,YgvNp92qIZpyIIAxRWSghO//+dA=
-20,7,yAO3GGH517YQo8kaY8xokQwSSdc=,eSz62oIrF8MWp7KLtG3vTv6g7TM=
-20,8,yAO3GGH517YQo8kaY8xokQwSSdc=,YgvNp92qIZpyIIAxRWSghO//+dA=
-18,2,yAO3GGH517YQo8kaY8xokQwSSdc=,hsD3Jeowlx4OlKkC7u59Qvwq3z0=
-19,2,GsBPvUqGTq3kCOjVoyN5xhHenRc=,FUo6z06GSlxo9ftp81AEZUZmjew=
-19,1,GsBPvUqGTq3kCOjVoyN5xhHenRc=,WFOyc+pXeTU+IdvozNEE8LZmo4I=
-18,1,GsBPvUqGTq3kCOjVoyN5xhHenRc=,InUWPlRowkSG4QuZ6C2gud9eZcE=
-20,2,GsBPvUqGTq3kCOjVoyN5xhHenRc=,FUo6z06GSlxo9ftp81AEZUZmjew=
-20,10,yAO3GGH517YQo8kaY8xokQwSSdc=,+fCCr/ZKeR8dat1zf3zPRj2O4D0=
-20,9,yAO3GGH517YQo8kaY8xokQwSSdc=,YgvNp92qIZpyIIAxRWSghO//+dA=
-20,1,GsBPvUqGTq3kCOjVoyN5xhHenRc=,WFOyc+pXeTU+IdvozNEE8LZmo4I=
-20,0,GsBPvUqGTq3kCOjVoyN5xhHenRc=,WFOyc+pXeTU+IdvozNEE8LZmo4I=
-19,10,yAO3GGH517YQo8kaY8xokQwSSdc=,+fCCr/ZKeR8dat1zf3zPRj2O4D0=
-18,9,yAO3GGH517YQo8kaY8xokQwSSdc=,KpTP3X8DYKaJVMOog0sU3o3tKRg=
-18,10,yAO3GGH517YQo8kaY8xokQwSSdc=,3Pei9PVeOvuSjQUMhKDVfIru7Uw=
-19,9,yAO3GGH517YQo8kaY8xokQwSSdc=,YgvNp92qIZpyIIAxRWSghO//+dA=
-17,13,GsBPvUqGTq3kCOjVoyN5xhHenRc=,jDuPAQ6tvr2OPnvdJAhWXo7yIE4=
-17,14,GsBPvUqGTq3kCOjVoyN5xhHenRc=,2aBvPdIaF3EwUl1qE289UyqIhwo=
-17,15,GsBPvUqGTq3kCOjVoyN5xhHenRc=,2aBvPdIaF3EwUl1qE289UyqIhwo=
-17,4,GsBPvUqGTq3kCOjVoyN5xhHenRc=,+rn94RDK3eAZ/L/hPeimd8yV2zk=
-17,3,GsBPvUqGTq3kCOjVoyN5xhHenRc=,hsD3Jeowlx4OlKkC7u59Qvwq3z0=
-17,0,yAO3GGH517YQo8kaY8xokQwSSdc=,InUWPlRowkSG4QuZ6C2gud9eZcE=
-17,5,GsBPvUqGTq3kCOjVoyN5xhHenRc=,+rn94RDK3eAZ/L/hPeimd8yV2zk=
-17,2,yAO3GGH517YQo8kaY8xokQwSSdc=,hsD3Jeowlx4OlKkC7u59Qvwq3z0=
-17,1,yAO3GGH517YQo8kaY8xokQwSSdc=,InUWPlRowkSG4QuZ6C2gud9eZcE=
-17,8,yAO3GGH517YQo8kaY8xokQwSSdc=,KpTP3X8DYKaJVMOog0sU3o3tKRg=
-17,7,yAO3GGH517YQo8kaY8xokQwSSdc=,WNMXM8PPZbtk/CPc1KB8qn9OC2E=
-17,10,GsBPvUqGTq3kCOjVoyN5xhHenRc=,3Pei9PVeOvuSjQUMhKDVfIru7Uw=
-17,11,GsBPvUqGTq3kCOjVoyN5xhHenRc=,3Pei9PVeOvuSjQUMhKDVfIru7Uw=
-17,6,GsBPvUqGTq3kCOjVoyN5xhHenRc=,WNMXM8PPZbtk/CPc1KB8qn9OC2E=
-17,12,GsBPvUqGTq3kCOjVoyN5xhHenRc=,jDuPAQ6tvr2OPnvdJAhWXo7yIE4=
-19,11,GsBPvUqGTq3kCOjVoyN5xhHenRc=,+fCCr/ZKeR8dat1zf3zPRj2O4D0=
-19,12,GsBPvUqGTq3kCOjVoyN5xhHenRc=,JGTA+qYLZrLNi0R24OMHtJ2QUPc=
-18,0,GsBPvUqGTq3kCOjVoyN5xhHenRc=,InUWPlRowkSG4QuZ6C2gud9eZcE=
-19,0,GsBPvUqGTq3kCOjVoyN5xhHenRc=,WFOyc+pXeTU+IdvozNEE8LZmo4I=
-17,9,GsBPvUqGTq3kCOjVoyN5xhHenRc=,KpTP3X8DYKaJVMOog0sU3o3tKRg=
-18,12,GsBPvUqGTq3kCOjVoyN5xhHenRc=,jDuPAQ6tvr2OPnvdJAhWXo7yIE4=
-18,11,GsBPvUqGTq3kCOjVoyN5xhHenRc=,3Pei9PVeOvuSjQUMhKDVfIru7Uw=
-20,11,GsBPvUqGTq3kCOjVoyN5xhHenRc=,+fCCr/ZKeR8dat1zf3zPRj2O4D0=
-20,12,GsBPvUqGTq3kCOjVoyN5xhHenRc=,JGTA+qYLZrLNi0R24OMHtJ2QUPc=
-18,15,GsBPvUqGTq3kCOjVoyN5xhHenRc=,2aBvPdIaF3EwUl1qE289UyqIhwo=
-19,15,GsBPvUqGTq3kCOjVoyN5xhHenRc=,UUc/iljMGNDU7oH2JKFmKKtajp0=
-18,14,GsBPvUqGTq3kCOjVoyN5xhHenRc=,2aBvPdIaF3EwUl1qE289UyqIhwo=
-19,14,GsBPvUqGTq3kCOjVoyN5xhHenRc=,UUc/iljMGNDU7oH2JKFmKKtajp0=
-20,15,GsBPvUqGTq3kCOjVoyN5xhHenRc=,UUc/iljMGNDU7oH2JKFmKKtajp0=
-19,13,GsBPvUqGTq3kCOjVoyN5xhHenRc=,JGTA+qYLZrLNi0R24OMHtJ2QUPc=
-20,14,GsBPvUqGTq3kCOjVoyN5xhHenRc=,UUc/iljMGNDU7oH2JKFmKKtajp0=
-18,13,GsBPvUqGTq3kCOjVoyN5xhHenRc=,jDuPAQ6tvr2OPnvdJAhWXo7yIE4=
-20,13,GsBPvUqGTq3kCOjVoyN5xhHenRc=,JGTA+qYLZrLNi0R24OMHtJ2QUPc=
-17,19,GsBPvUqGTq3kCOjVoyN5xhHenRc=,aL82sVeifbHZvi50Q4+Oal2XbvE=
-17,16,GsBPvUqGTq3kCOjVoyN5xhHenRc=,j5dW/EEGoDZ6KxpWaDflizPh5ck=
-17,17,GsBPvUqGTq3kCOjVoyN5xhHenRc=,j5dW/EEGoDZ6KxpWaDflizPh5ck=
-17,18,GsBPvUqGTq3kCOjVoyN5xhHenRc=,aL82sVeifbHZvi50Q4+Oal2XbvE=
-18,19,GsBPvUqGTq3kCOjVoyN5xhHenRc=,aL82sVeifbHZvi50Q4+Oal2XbvE=
-20,19,GsBPvUqGTq3kCOjVoyN5xhHenRc=,2a3oxcKrKn4YYQI52E3T7YPSMvU=
-19,19,GsBPvUqGTq3kCOjVoyN5xhHenRc=,2a3oxcKrKn4YYQI52E3T7YPSMvU=
-18,16,GsBPvUqGTq3kCOjVoyN5xhHenRc=,j5dW/EEGoDZ6KxpWaDflizPh5ck=
-19,18,GsBPvUqGTq3kCOjVoyN5xhHenRc=,2a3oxcKrKn4YYQI52E3T7YPSMvU=
-19,17,GsBPvUqGTq3kCOjVoyN5xhHenRc=,wZlsShiReIETAXwC9NNhTEUTu0w=
-18,18,GsBPvUqGTq3kCOjVoyN5xhHenRc=,aL82sVeifbHZvi50Q4+Oal2XbvE=
-20,18,GsBPvUqGTq3kCOjVoyN5xhHenRc=,2a3oxcKrKn4YYQI52E3T7YPSMvU=
-20,17,GsBPvUqGTq3kCOjVoyN5xhHenRc=,wZlsShiReIETAXwC9NNhTEUTu0w=
-19,16,GsBPvUqGTq3kCOjVoyN5xhHenRc=,wZlsShiReIETAXwC9NNhTEUTu0w=
-20,16,GsBPvUqGTq3kCOjVoyN5xhHenRc=,wZlsShiReIETAXwC9NNhTEUTu0w=
-18,17,GsBPvUqGTq3kCOjVoyN5xhHenRc=,j5dW/EEGoDZ6KxpWaDflizPh5ck=
-4,18,SLOEulEgQxu4HZnqS6dGLlXJre8=,LX9ZS6eK0fDUobh90uttCVA2fdg=
-5,17,k/dEA7kwZIXR0toTXEqH69vhGHY=,ksswvEgWgodLw3VLbN3yNpIHgPk=
-5,18,k/dEA7kwZIXR0toTXEqH69vhGHY=,jHaln7v02oZH1Ui/23xcsTmwUTU=
-7,18,k/dEA7kwZIXR0toTXEqH69vhGHY=,k9i/HrpTaVcWiiHmyg/AIle+d3w=
-6,17,k/dEA7kwZIXR0toTXEqH69vhGHY=,ksswvEgWgodLw3VLbN3yNpIHgPk=
-6,18,k/dEA7kwZIXR0toTXEqH69vhGHY=,jHaln7v02oZH1Ui/23xcsTmwUTU=
-5,19,k/dEA7kwZIXR0toTXEqH69vhGHY=,jHaln7v02oZH1Ui/23xcsTmwUTU=
-7,17,k/dEA7kwZIXR0toTXEqH69vhGHY=,02MHQs/+St9u9Q7M7bKhCaE3xqM=
-4,19,SLOEulEgQxu4HZnqS6dGLlXJre8=,LX9ZS6eK0fDUobh90uttCVA2fdg=
-7,19,k/dEA7kwZIXR0toTXEqH69vhGHY=,k9i/HrpTaVcWiiHmyg/AIle+d3w=
-6,19,k/dEA7kwZIXR0toTXEqH69vhGHY=,jHaln7v02oZH1Ui/23xcsTmwUTU=
-9,19,SLOEulEgQxu4HZnqS6dGLlXJre8=,uEBk+W7c0G5b1ya7JINaljH87Oo=
-8,19,k/dEA7kwZIXR0toTXEqH69vhGHY=,k9i/HrpTaVcWiiHmyg/AIle+d3w=
-9,17,SLOEulEgQxu4HZnqS6dGLlXJre8=,mvxWux7ChEPJPguGpmh29xHRsD8=
-8,17,k/dEA7kwZIXR0toTXEqH69vhGHY=,02MHQs/+St9u9Q7M7bKhCaE3xqM=
-8,18,k/dEA7kwZIXR0toTXEqH69vhGHY=,k9i/HrpTaVcWiiHmyg/AIle+d3w=
-9,18,SLOEulEgQxu4HZnqS6dGLlXJre8=,uEBk+W7c0G5b1ya7JINaljH87Oo=
-10,18,SLOEulEgQxu4HZnqS6dGLlXJre8=,uEBk+W7c0G5b1ya7JINaljH87Oo=
-10,17,SLOEulEgQxu4HZnqS6dGLlXJre8=,mvxWux7ChEPJPguGpmh29xHRsD8=
-11,18,SLOEulEgQxu4HZnqS6dGLlXJre8=,bU4TvxwmZ+t1UrPQZJMW9GN9bII=
-12,19,SLOEulEgQxu4HZnqS6dGLlXJre8=,bU4TvxwmZ+t1UrPQZJMW9GN9bII=
-10,19,SLOEulEgQxu4HZnqS6dGLlXJre8=,uEBk+W7c0G5b1ya7JINaljH87Oo=
-13,19,SLOEulEgQxu4HZnqS6dGLlXJre8=,lUPP5EgR9fHsV5dnvTKGeyB0IpU=
-11,19,SLOEulEgQxu4HZnqS6dGLlXJre8=,bU4TvxwmZ+t1UrPQZJMW9GN9bII=
-13,17,SLOEulEgQxu4HZnqS6dGLlXJre8=,YNDkDqV/u2XtVjtQ7kmLEUD2Q9o=
-12,18,SLOEulEgQxu4HZnqS6dGLlXJre8=,bU4TvxwmZ+t1UrPQZJMW9GN9bII=
-13,18,SLOEulEgQxu4HZnqS6dGLlXJre8=,lUPP5EgR9fHsV5dnvTKGeyB0IpU=
-2,19,SLOEulEgQxu4HZnqS6dGLlXJre8=,2lby6CFZLSf+5ZY/ob0JFqy6Yfs=
-14,17,SLOEulEgQxu4HZnqS6dGLlXJre8=,YNDkDqV/u2XtVjtQ7kmLEUD2Q9o=
-14,19,SLOEulEgQxu4HZnqS6dGLlXJre8=,lUPP5EgR9fHsV5dnvTKGeyB0IpU=
-3,19,SLOEulEgQxu4HZnqS6dGLlXJre8=,LX9ZS6eK0fDUobh90uttCVA2fdg=
-14,18,SLOEulEgQxu4HZnqS6dGLlXJre8=,lUPP5EgR9fHsV5dnvTKGeyB0IpU=
-15,17,SLOEulEgQxu4HZnqS6dGLlXJre8=,Ej43H4fcaVJMjl+p8M3KjH/EmFk=
-16,17,SLOEulEgQxu4HZnqS6dGLlXJre8=,Ej43H4fcaVJMjl+p8M3KjH/EmFk=
-15,18,SLOEulEgQxu4HZnqS6dGLlXJre8=,4PWfnBuMNth8XYGqQcUv1toVjY4=
-13,16,SLOEulEgQxu4HZnqS6dGLlXJre8=,YNDkDqV/u2XtVjtQ7kmLEUD2Q9o=
-7,16,k/dEA7kwZIXR0toTXEqH69vhGHY=,02MHQs/+St9u9Q7M7bKhCaE3xqM=
-15,19,SLOEulEgQxu4HZnqS6dGLlXJre8=,4PWfnBuMNth8XYGqQcUv1toVjY4=
-5,16,k/dEA7kwZIXR0toTXEqH69vhGHY=,ksswvEgWgodLw3VLbN3yNpIHgPk=
-6,16,k/dEA7kwZIXR0toTXEqH69vhGHY=,ksswvEgWgodLw3VLbN3yNpIHgPk=
-10,16,SLOEulEgQxu4HZnqS6dGLlXJre8=,mvxWux7ChEPJPguGpmh29xHRsD8=
-8,16,k/dEA7kwZIXR0toTXEqH69vhGHY=,02MHQs/+St9u9Q7M7bKhCaE3xqM=
-9,16,SLOEulEgQxu4HZnqS6dGLlXJre8=,mvxWux7ChEPJPguGpmh29xHRsD8=
-16,16,SLOEulEgQxu4HZnqS6dGLlXJre8=,Ej43H4fcaVJMjl+p8M3KjH/EmFk=
-16,19,SLOEulEgQxu4HZnqS6dGLlXJre8=,4PWfnBuMNth8XYGqQcUv1toVjY4=
-16,18,SLOEulEgQxu4HZnqS6dGLlXJre8=,4PWfnBuMNth8XYGqQcUv1toVjY4=
-15,16,SLOEulEgQxu4HZnqS6dGLlXJre8=,Ej43H4fcaVJMjl+p8M3KjH/EmFk=
-14,16,SLOEulEgQxu4HZnqS6dGLlXJre8=,YNDkDqV/u2XtVjtQ7kmLEUD2Q9o=
-1,19,SLOEulEgQxu4HZnqS6dGLlXJre8=,2lby6CFZLSf+5ZY/ob0JFqy6Yfs=
-2,16,SLOEulEgQxu4HZnqS6dGLlXJre8=,2SxLatpWdKEEvDCBB5PoiEH5Yb0=
-3,18,SLOEulEgQxu4HZnqS6dGLlXJre8=,LX9ZS6eK0fDUobh90uttCVA2fdg=
-2,18,SLOEulEgQxu4HZnqS6dGLlXJre8=,2lby6CFZLSf+5ZY/ob0JFqy6Yfs=
-2,17,SLOEulEgQxu4HZnqS6dGLlXJre8=,2SxLatpWdKEEvDCBB5PoiEH5Yb0=
-1,16,SLOEulEgQxu4HZnqS6dGLlXJre8=,2SxLatpWdKEEvDCBB5PoiEH5Yb0=
-1,18,SLOEulEgQxu4HZnqS6dGLlXJre8=,2lby6CFZLSf+5ZY/ob0JFqy6Yfs=
-1,17,SLOEulEgQxu4HZnqS6dGLlXJre8=,2SxLatpWdKEEvDCBB5PoiEH5Yb0=
-9,12,oIzOZMKyvBr3NRKnMBzXSSzbnJ0=,dUjqBuhrqHi88y/a+QPGWGS9sME=
-9,11,oIzOZMKyvBr3NRKnMBzXSSzbnJ0=,dwKAcJwF5STha46ENMdqrN3OilQ=
-8,11,2JpbXgSld41+1yjWphpv3El/t58=,4HFJCCyrKTA3xDmMwG8637pIuy0=
-8,12,2JpbXgSld41+1yjWphpv3El/t58=,Jw0Qpf9q+59FUMerOsdnvWPoHvw=
-9,10,oIzOZMKyvBr3NRKnMBzXSSzbnJ0=,dwKAcJwF5STha46ENMdqrN3OilQ=
-8,10,2JpbXgSld41+1yjWphpv3El/t58=,4HFJCCyrKTA3xDmMwG8637pIuy0=
-11,8,oIzOZMKyvBr3NRKnMBzXSSzbnJ0=,zT/tlOr5JoI6mJ9RQQVoW7ov7Vo=
-11,7,oIzOZMKyvBr3NRKnMBzXSSzbnJ0=,fQBw8fhkCV3uf5k2YoFOeiWpB0s=
-7,12,2JpbXgSld41+1yjWphpv3El/t58=,Jw0Qpf9q+59FUMerOsdnvWPoHvw=
-7,11,2JpbXgSld41+1yjWphpv3El/t58=,4HFJCCyrKTA3xDmMwG8637pIuy0=
-4,12,oIzOZMKyvBr3NRKnMBzXSSzbnJ0=,2fIh6CL72Vmo0LxNWEYALARbgoU=
-3,13,YTJummKyWCBXekBx6uflZbulofM=,2fIh6CL72Vmo0LxNWEYALARbgoU=
-2,14,YTJummKyWCBXekBx6uflZbulofM=,zbLO4EJHkd6CQ/yzc5rWMrDWA7I=
-2,13,YTJummKyWCBXekBx6uflZbulofM=,z/ctM286UgYI5aUm1a6kNrhmm0I=
-3,12,YTJummKyWCBXekBx6uflZbulofM=,2fIh6CL72Vmo0LxNWEYALARbgoU=
-2,11,YTJummKyWCBXekBx6uflZbulofM=,xzOYB7u+0yGnvT239B2IbRwIR3U=
-2,12,SLOEulEgQxu4HZnqS6dGLlXJre8=,z/ctM286UgYI5aUm1a6kNrhmm0I=
-1,12,YTJummKyWCBXekBx6uflZbulofM=,z/ctM286UgYI5aUm1a6kNrhmm0I=
-1,11,YTJummKyWCBXekBx6uflZbulofM=,xzOYB7u+0yGnvT239B2IbRwIR3U=
-10,12,oIzOZMKyvBr3NRKnMBzXSSzbnJ0=,dUjqBuhrqHi88y/a+QPGWGS9sME=
-11,9,oIzOZMKyvBr3NRKnMBzXSSzbnJ0=,zT/tlOr5JoI6mJ9RQQVoW7ov7Vo=
-10,11,oIzOZMKyvBr3NRKnMBzXSSzbnJ0=,dwKAcJwF5STha46ENMdqrN3OilQ=
-10,10,oIzOZMKyvBr3NRKnMBzXSSzbnJ0=,dwKAcJwF5STha46ENMdqrN3OilQ=
-7,10,2JpbXgSld41+1yjWphpv3El/t58=,4HFJCCyrKTA3xDmMwG8637pIuy0=
-16,11,oIzOZMKyvBr3NRKnMBzXSSzbnJ0=,728jguipwjbpWsNmRDWFpLo6xOU=
-16,12,oIzOZMKyvBr3NRKnMBzXSSzbnJ0=,rcnvueETpOVOX+DIWjMi4GeBgjo=
-14,13,oIzOZMKyvBr3NRKnMBzXSSzbnJ0=,niFeWBIkaoLHpSIIPzEGevteVbA=
-14,14,oIzOZMKyvBr3NRKnMBzXSSzbnJ0=,16c8SA3S0cIa8cy6FMjpkcQPMyg=
-13,14,oIzOZMKyvBr3NRKnMBzXSSzbnJ0=,16c8SA3S0cIa8cy6FMjpkcQPMyg=
-13,13,oIzOZMKyvBr3NRKnMBzXSSzbnJ0=,niFeWBIkaoLHpSIIPzEGevteVbA=
-13,15,oIzOZMKyvBr3NRKnMBzXSSzbnJ0=,16c8SA3S0cIa8cy6FMjpkcQPMyg=
-15,13,oIzOZMKyvBr3NRKnMBzXSSzbnJ0=,rcnvueETpOVOX+DIWjMi4GeBgjo=
-15,14,oIzOZMKyvBr3NRKnMBzXSSzbnJ0=,0OVnASdRQDGOxqmMo7RJGN7l63o=
-10,13,oIzOZMKyvBr3NRKnMBzXSSzbnJ0=,dUjqBuhrqHi88y/a+QPGWGS9sME=
-10,15,oIzOZMKyvBr3NRKnMBzXSSzbnJ0=,E+GveLOZyai6zTKBcRJggtd5Bsk=
-8,13,2JpbXgSld41+1yjWphpv3El/t58=,Jw0Qpf9q+59FUMerOsdnvWPoHvw=
-9,15,oIzOZMKyvBr3NRKnMBzXSSzbnJ0=,E+GveLOZyai6zTKBcRJggtd5Bsk=
-9,13,oIzOZMKyvBr3NRKnMBzXSSzbnJ0=,dUjqBuhrqHi88y/a+QPGWGS9sME=
-10,14,oIzOZMKyvBr3NRKnMBzXSSzbnJ0=,E+GveLOZyai6zTKBcRJggtd5Bsk=
-12,9,oIzOZMKyvBr3NRKnMBzXSSzbnJ0=,zT/tlOr5JoI6mJ9RQQVoW7ov7Vo=
-15,10,oIzOZMKyvBr3NRKnMBzXSSzbnJ0=,728jguipwjbpWsNmRDWFpLo6xOU=
-9,14,oIzOZMKyvBr3NRKnMBzXSSzbnJ0=,E+GveLOZyai6zTKBcRJggtd5Bsk=
-15,9,oIzOZMKyvBr3NRKnMBzXSSzbnJ0=,Wt/wIWH0+iS07BTNTkpggjqYR9s=
-16,10,oIzOZMKyvBr3NRKnMBzXSSzbnJ0=,728jguipwjbpWsNmRDWFpLo6xOU=
-15,11,oIzOZMKyvBr3NRKnMBzXSSzbnJ0=,728jguipwjbpWsNmRDWFpLo6xOU=
-16,9,oIzOZMKyvBr3NRKnMBzXSSzbnJ0=,Wt/wIWH0+iS07BTNTkpggjqYR9s=
-13,12,oIzOZMKyvBr3NRKnMBzXSSzbnJ0=,niFeWBIkaoLHpSIIPzEGevteVbA=
-14,12,oIzOZMKyvBr3NRKnMBzXSSzbnJ0=,niFeWBIkaoLHpSIIPzEGevteVbA=
-15,12,oIzOZMKyvBr3NRKnMBzXSSzbnJ0=,rcnvueETpOVOX+DIWjMi4GeBgjo=
-15,8,oIzOZMKyvBr3NRKnMBzXSSzbnJ0=,Wt/wIWH0+iS07BTNTkpggjqYR9s=
-12,8,oIzOZMKyvBr3NRKnMBzXSSzbnJ0=,zT/tlOr5JoI6mJ9RQQVoW7ov7Vo=
-16,8,oIzOZMKyvBr3NRKnMBzXSSzbnJ0=,Wt/wIWH0+iS07BTNTkpggjqYR9s=
-12,7,oIzOZMKyvBr3NRKnMBzXSSzbnJ0=,fQBw8fhkCV3uf5k2YoFOeiWpB0s=
-1,13,YTJummKyWCBXekBx6uflZbulofM=,z/ctM286UgYI5aUm1a6kNrhmm0I=
-15,2,oIzOZMKyvBr3NRKnMBzXSSzbnJ0=,/+Ty4uKJZBndvhLDVfyZ5zgtAEE=
-16,2,oIzOZMKyvBr3NRKnMBzXSSzbnJ0=,/+Ty4uKJZBndvhLDVfyZ5zgtAEE=
-16,4,oIzOZMKyvBr3NRKnMBzXSSzbnJ0=,wDxtSuycQt5DQQ3xL1iB4FYq9l0=
-15,4,oIzOZMKyvBr3NRKnMBzXSSzbnJ0=,wDxtSuycQt5DQQ3xL1iB4FYq9l0=
-16,3,oIzOZMKyvBr3NRKnMBzXSSzbnJ0=,/+Ty4uKJZBndvhLDVfyZ5zgtAEE=
-15,3,oIzOZMKyvBr3NRKnMBzXSSzbnJ0=,/+Ty4uKJZBndvhLDVfyZ5zgtAEE=
-16,5,oIzOZMKyvBr3NRKnMBzXSSzbnJ0=,wDxtSuycQt5DQQ3xL1iB4FYq9l0=
-15,5,oIzOZMKyvBr3NRKnMBzXSSzbnJ0=,wDxtSuycQt5DQQ3xL1iB4FYq9l0=
-1,14,YTJummKyWCBXekBx6uflZbulofM=,zbLO4EJHkd6CQ/yzc5rWMrDWA7I=
-2,15,YTJummKyWCBXekBx6uflZbulofM=,zbLO4EJHkd6CQ/yzc5rWMrDWA7I=
-1,15,YTJummKyWCBXekBx6uflZbulofM=,zbLO4EJHkd6CQ/yzc5rWMrDWA7I=
-12,6,oIzOZMKyvBr3NRKnMBzXSSzbnJ0=,fQBw8fhkCV3uf5k2YoFOeiWpB0s=
-11,6,oIzOZMKyvBr3NRKnMBzXSSzbnJ0=,fQBw8fhkCV3uf5k2YoFOeiWpB0s=
-16,13,oIzOZMKyvBr3NRKnMBzXSSzbnJ0=,rcnvueETpOVOX+DIWjMi4GeBgjo=
-16,14,oIzOZMKyvBr3NRKnMBzXSSzbnJ0=,0OVnASdRQDGOxqmMo7RJGN7l63o=
-16,15,oIzOZMKyvBr3NRKnMBzXSSzbnJ0=,0OVnASdRQDGOxqmMo7RJGN7l63o=
-4,13,oIzOZMKyvBr3NRKnMBzXSSzbnJ0=,2fIh6CL72Vmo0LxNWEYALARbgoU=
-7,13,2JpbXgSld41+1yjWphpv3El/t58=,Jw0Qpf9q+59FUMerOsdnvWPoHvw=
-14,15,oIzOZMKyvBr3NRKnMBzXSSzbnJ0=,16c8SA3S0cIa8cy6FMjpkcQPMyg=
-2,10,SLOEulEgQxu4HZnqS6dGLlXJre8=,xzOYB7u+0yGnvT239B2IbRwIR3U=
-15,15,oIzOZMKyvBr3NRKnMBzXSSzbnJ0=,0OVnASdRQDGOxqmMo7RJGN7l63o=
-1,10,YTJummKyWCBXekBx6uflZbulofM=,xzOYB7u+0yGnvT239B2IbRwIR3U=
-19,21,C4jl6cEFt+C0FPeZRCU8fuwW1NE=,O+00XvX5zn8Rdm/+b3m/S0uoLSs=
-20,21,C4jl6cEFt+C0FPeZRCU8fuwW1NE=,O+00XvX5zn8Rdm/+b3m/S0uoLSs=
-20,20,C4jl6cEFt+C0FPeZRCU8fuwW1NE=,O+00XvX5zn8Rdm/+b3m/S0uoLSs=
-19,20,C4jl6cEFt+C0FPeZRCU8fuwW1NE=,O+00XvX5zn8Rdm/+b3m/S0uoLSs=
-1,21,0++ibQZqI9PRQ7gvSH78BVc4kJE=,kJRKwuritMUwiz9hRvFX2AZvd2c=
-2,21,0++ibQZqI9PRQ7gvSH78BVc4kJE=,kJRKwuritMUwiz9hRvFX2AZvd2c=
-2,20,0++ibQZqI9PRQ7gvSH78BVc4kJE=,kJRKwuritMUwiz9hRvFX2AZvd2c=
-1,20,0++ibQZqI9PRQ7gvSH78BVc4kJE=,kJRKwuritMUwiz9hRvFX2AZvd2c=
-6,6,2JpbXgSld41+1yjWphpv3El/t58=,Qxx/sU605cUrvU1wAdrTEWhOvY0=
-7,2,lrvgl9n35TRKts4fgIhoB5NsMKc=,esSj9JD2nLYAB6OAHRLW6g+4fXU=
-7,3,lrvgl9n35TRKts4fgIhoB5NsMKc=,esSj9JD2nLYAB6OAHRLW6g+4fXU=
-7,1,lrvgl9n35TRKts4fgIhoB5NsMKc=,cduND1WHPTi8vGf7QQq0JjXauWY=
-8,3,2JpbXgSld41+1yjWphpv3El/t58=,esSj9JD2nLYAB6OAHRLW6g+4fXU=
-8,2,2JpbXgSld41+1yjWphpv3El/t58=,esSj9JD2nLYAB6OAHRLW6g+4fXU=
-8,1,2JpbXgSld41+1yjWphpv3El/t58=,cduND1WHPTi8vGf7QQq0JjXauWY=
-11,4,oIzOZMKyvBr3NRKnMBzXSSzbnJ0=,YbORPLS+5enVMq37kN/Q7jXPgD0=
-11,3,oIzOZMKyvBr3NRKnMBzXSSzbnJ0=,OApKb7K/s1xNEW3MGGix2kPeRWA=
-11,1,oIzOZMKyvBr3NRKnMBzXSSzbnJ0=,LXSvp+2MM+SPeTNs+237MSChOHs=
-11,2,oIzOZMKyvBr3NRKnMBzXSSzbnJ0=,OApKb7K/s1xNEW3MGGix2kPeRWA=
-5,6,lrvgl9n35TRKts4fgIhoB5NsMKc=,Qxx/sU605cUrvU1wAdrTEWhOvY0=
-6,8,2JpbXgSld41+1yjWphpv3El/t58=,Dt59DSFQQwVyMA9GVnX/YYAisSQ=
-7,8,oIzOZMKyvBr3NRKnMBzXSSzbnJ0=,i8YgG1q67tgwmgm8QDDL2UjutAE=
-5,8,2JpbXgSld41+1yjWphpv3El/t58=,Dt59DSFQQwVyMA9GVnX/YYAisSQ=
-6,7,2JpbXgSld41+1yjWphpv3El/t58=,Qxx/sU605cUrvU1wAdrTEWhOvY0=
-5,7,2JpbXgSld41+1yjWphpv3El/t58=,Qxx/sU605cUrvU1wAdrTEWhOvY0=
-7,0,2JpbXgSld41+1yjWphpv3El/t58=,cduND1WHPTi8vGf7QQq0JjXauWY=
-11,5,oIzOZMKyvBr3NRKnMBzXSSzbnJ0=,YbORPLS+5enVMq37kN/Q7jXPgD0=
-5,9,2JpbXgSld41+1yjWphpv3El/t58=,Dt59DSFQQwVyMA9GVnX/YYAisSQ=
-6,9,2JpbXgSld41+1yjWphpv3El/t58=,Dt59DSFQQwVyMA9GVnX/YYAisSQ=
-7,9,oIzOZMKyvBr3NRKnMBzXSSzbnJ0=,i8YgG1q67tgwmgm8QDDL2UjutAE=
-8,0,2JpbXgSld41+1yjWphpv3El/t58=,cduND1WHPTi8vGf7QQq0JjXauWY=
-11,0,oIzOZMKyvBr3NRKnMBzXSSzbnJ0=,LXSvp+2MM+SPeTNs+237MSChOHs=
-8,9,oIzOZMKyvBr3NRKnMBzXSSzbnJ0=,i8YgG1q67tgwmgm8QDDL2UjutAE=
-8,8,oIzOZMKyvBr3NRKnMBzXSSzbnJ0=,i8YgG1q67tgwmgm8QDDL2UjutAE=
-12,1,oIzOZMKyvBr3NRKnMBzXSSzbnJ0=,LXSvp+2MM+SPeTNs+237MSChOHs=
-12,2,oIzOZMKyvBr3NRKnMBzXSSzbnJ0=,OApKb7K/s1xNEW3MGGix2kPeRWA=
-12,0,oIzOZMKyvBr3NRKnMBzXSSzbnJ0=,LXSvp+2MM+SPeTNs+237MSChOHs=
-12,4,oIzOZMKyvBr3NRKnMBzXSSzbnJ0=,YbORPLS+5enVMq37kN/Q7jXPgD0=
-12,3,oIzOZMKyvBr3NRKnMBzXSSzbnJ0=,OApKb7K/s1xNEW3MGGix2kPeRWA=
-12,5,oIzOZMKyvBr3NRKnMBzXSSzbnJ0=,YbORPLS+5enVMq37kN/Q7jXPgD0=
-3,7,SLOEulEgQxu4HZnqS6dGLlXJre8=,kaTawFkIyQlJcvwiy2hL820S0iE=
-3,6,SLOEulEgQxu4HZnqS6dGLlXJre8=,kaTawFkIyQlJcvwiy2hL820S0iE=
-4,6,oIzOZMKyvBr3NRKnMBzXSSzbnJ0=,kaTawFkIyQlJcvwiy2hL820S0iE=
-4,7,oIzOZMKyvBr3NRKnMBzXSSzbnJ0=,kaTawFkIyQlJcvwiy2hL820S0iE=
